Dataset,Model,Best Feature Set,Accuracy,F1-Score (Macro),Precision (Macro),Recall (Macro)
dataset1,LGBM,dataset1_hog16x16_lbp8p1r,0.5659140568099054,0.5391569800551909,0.5817728666644139,0.5238707825135234
dataset1,MLP,dataset1_hog16x16_lbp12p2r,0.6045156591405682,0.5852961727202323,0.5981285741315786,0.5787132804281574
dataset1,SVM,dataset1_hog16x16_lbp12p2r,0.6518572469045885,0.6394001972216977,0.6598939249720526,0.6292538504758322
dataset2,LGBM,dataset2_hog16x16_lbp12p2r,0.6650641025641025,0.6641103450921253,0.6659815484970675,0.6674738455988456
dataset2,MLP,dataset2_hog16x16_lbp12p2r,0.7083333333333334,0.7083850483961898,0.7115664979725722,0.7091224747474747
dataset2,SVM,dataset2_hog16x16_lbp12p2r,0.7355769230769231,0.7353361255046578,0.7370079332933305,0.7361584595959596
